FPHSpecifiers,GroceriesSpecifiers,HomeRenoSpecifiers,TakeAwaysSpecifiers, PartyingSpecifiers,BillsSpecifiers,PetrolSpecifiers,BuyingThingsSpecifiers,PhysicalHealthSpecifiers,PayeesSpecifiers,DirectCredits
FISHER AND PAYKEL,PAK N SAVE,MITRE 10,KFC,DOOLANS,FLICK ENERGY,Caltex,kmart,Ref: 23922101,JEN JEN,My Doood
F&P,COUNTDOWN,Hammer,BURGER,UBER,WATERCARE,Mobil,aliexpress,GOLF,Shaun,Bill Payment
FPH,ORCHARDAUCKLAND,,DOMINOS,OCCIDENTAL,RATES,BP,,Ref: 24823974,ATM,Direct Credit
,NEW WORLD,,MCDONALDS,LIQUOR,AP#18462335,GULL,,Golf Warehous,J E RILEY,
,DH Supermarke,,SUPERETTE,OUTBACK INN,VisaDebitAnnualFee,MOBIL,,,,
,FOUR SQUARE,,SPICY POT,KEYSTONE,Spark Billing,,,,,
,WHY KNOT WHY,,SUSHI,THE BROOK,TWO DEGREES,,,,,
,,,BOTANY COMMONS,Super Liquor,,,,,,
,,,CANTON BBQ,HOUSE ON HOOD,,,,,,
,,,BAKEHOUSE,Bottle O,,,,,,
,,,DOMINO'S,BOTTLE-O,,,,,,
,,,PIZZA,FINN'S,,,,,,
,,,BBQ DUCK,Finn's,,,,,,
,,,BAKER,WONDERHORSE,,,,,,
,,,COOKIE TIME,,,,,,,
,,,LE CAFE,,,,,,,
,,,Dominos,,,,,,,
